{"mean": [4.67519042437432, -2.709594554865362, 2.06842877941288, 1.1756349818067722, 4.389390354134642, 2.36174827711285, 1.1400671019223494, 4.510700036271309, 0.7379679661795558, 0.1811618822817496, 0.21525820278540841, 0.6121774444271645, 0.15162976204869558, 0.4302715742324018], "scale": [1.1938715812712335, 0.5356129903964174, 0.21755007414594793, 0.14063537587826994, 0.8586313177109799, 0.32216294609881924, 0.29436975062945603, 2.380013986429458, 0.16531321921703737, 0.09206342117374122, 0.13246871163356574, 0.15344952159518338, 0.13184526606374203, 0.14421961219533874], "var": [1.4253293525670754, 0.2868812754813927, 0.04732803476090744, 0.019778308948422266, 0.7372477397540936, 0.1037889638390707, 0.08665355008564814, 5.664466575599842, 0.027328460447900257, 0.008475673518213662, 0.017547959561856796, 0.023546755677790653, 0.017383174183418924, 0.0207992965417739], "feature_names": ["nelements", "formation_energy_per_atom", "avg_electronegativity", "avg_atomic_radius", "avg_valence", "electronegativity_diff", "radius_diff", "common_valence", "electronegativity_var", "radius_var", "s_orbital_ratio", "p_orbital_ratio", "d_orbital_ratio", "metal_ratio"]}